"relative_path","area","artifact_kind","bytes","lines","sha256"
".gitignore","repository-metadata","other","143","8","0157a474051de759f0772a715ba940964bcf762d1a0d895f86fc269828443150"
"app/app-authorization-ims-db2-mq/bms/COPAU00.bms","optional-authorization-ims-db2-mq","BMS map source","41503","515","430a17d0182535e92299bcb55b0b37f84f73c774db9217c949a10b1130c60587"
"app/app-authorization-ims-db2-mq/bms/COPAU01.bms","optional-authorization-ims-db2-mq","BMS map source","23566","294","03264aee7679c4ec0cd63b947524da87b0968df7e86cc61689d4cdddc84ace31"
"app/app-authorization-ims-db2-mq/cbl/CBPAUP0C.cbl","optional-authorization-ims-db2-mq","COBOL source","15218","386","025a61725c3a629888279630a81e9134248619b282db80b6b04d261bc8e4feda"
"app/app-authorization-ims-db2-mq/cbl/COPAUA0C.cbl","optional-authorization-ims-db2-mq","COBOL source","82463","1026","dc70a786d89991a2658a7ad395c10b4e38aaf32294594183306af72ed2ccd56a"
"app/app-authorization-ims-db2-mq/cbl/COPAUS0C.cbl","optional-authorization-ims-db2-mq","COBOL source","45075","1032","99079295fe0f901ecac0235f648cb982d9663921e5e32692686f372a8e9895b9"
"app/app-authorization-ims-db2-mq/cbl/COPAUS1C.cbl","optional-authorization-ims-db2-mq","COBOL source","23604","604","97b800474cdf718faf5d22a2e8fd7e331b20e18e2ec889911bd0a7defcbc97dc"
"app/app-authorization-ims-db2-mq/cbl/COPAUS2C.cbl","optional-authorization-ims-db2-mq","COBOL source","19294","244","b3c057406a450c65f28d52a7c4e44e6a6bf0dc5ba6ee8e9bf275e9eb282ddc46"
"app/app-authorization-ims-db2-mq/cbl/DBUNLDGS.CBL","optional-authorization-ims-db2-mq","COBOL source","29561","366","92afb607eacbf5d1dfa0b681dca22503ba8b5470fadbf291dca8b014cb0f1a96"
"app/app-authorization-ims-db2-mq/cbl/PAUDBLOD.CBL","optional-authorization-ims-db2-mq","COBOL source","29807","369","e8b2132e9aa907ca5cccd3b7ae76380e2b302ed3e2a93c82fbba2f35245909c3"
"app/app-authorization-ims-db2-mq/cbl/PAUDBUNL.CBL","optional-authorization-ims-db2-mq","COBOL source","25543","317","b45ef5b828ec20816dcd537c14757ea3b45845b7cb0ec104f0f490b2e956856d"
"app/app-authorization-ims-db2-mq/cpy/CCPAUERY.cpy","optional-authorization-ims-db2-mq","COBOL copybook or generated BMS copybook","2819","40","d5863bce90d4509c9adc22f5844519e0101151b1e763c799e274a6257c63bba8"
"app/app-authorization-ims-db2-mq/cpy/CCPAURLY.cpy","optional-authorization-ims-db2-mq","COBOL copybook or generated BMS copybook","1516","24","d8d8bfccf7e7616c5c302d1739f306411f432f191619da3ea057b0a34721b345"
"app/app-authorization-ims-db2-mq/cpy/CCPAURQY.cpy","optional-authorization-ims-db2-mq","COBOL copybook or generated BMS copybook","2484","36","359613ceb7e66a8e37d8ba1ec663185429a8db212eeb1d3b550a03e5b115531e"
"app/app-authorization-ims-db2-mq/cpy/CIPAUDTY.cpy","optional-authorization-ims-db2-mq","COBOL copybook or generated BMS copybook","3941","54","f910036439cfbeb9bc851b32e5c9f25937d54cd42e54619ac268824c98d6ace7"
"app/app-authorization-ims-db2-mq/cpy/CIPAUSMY.cpy","optional-authorization-ims-db2-mq","COBOL copybook or generated BMS copybook","2081","31","5578a6f952309907534c8312f922944c113ea69a75fea464f2f9e526a902bf87"
"app/app-authorization-ims-db2-mq/cpy/IMSFUNCS.cpy","optional-authorization-ims-db2-mq","COBOL copybook or generated BMS copybook","1571","27","98c198eb5512eea0a330c4d6a38ee4a4abc2936058fcd56574e7fea42e466184"
"app/app-authorization-ims-db2-mq/cpy/PADFLPCB.CPY","optional-authorization-ims-db2-mq","COBOL copybook or generated BMS copybook","1360","26","0ab64403190933a3b6c8a4a1a667365695933bcd8a1f1867c933eb78264e77e2"
"app/app-authorization-ims-db2-mq/cpy/PASFLPCB.CPY","optional-authorization-ims-db2-mq","COBOL copybook or generated BMS copybook","1360","26","c8a441a8ccdd02aaa76fc29ebb26ebae03c91eb6a6c670ac06c46a39f6d80b93"
"app/app-authorization-ims-db2-mq/cpy/PAUTBPCB.CPY","optional-authorization-ims-db2-mq","COBOL copybook or generated BMS copybook","1360","26","665e56479655bcadb24fe5974ab70284a9e5cec5db005250209f5ec873aa5773"
"app/app-authorization-ims-db2-mq/cpy-bms/COPAU00.cpy","optional-authorization-ims-db2-mq","COBOL copybook or generated BMS copybook","62136","764","5308db56dfbb8003e94b66c829308d851576eddbf1294e3d92ca5d4454ae0bd4"
"app/app-authorization-ims-db2-mq/cpy-bms/COPAU01.cpy","optional-authorization-ims-db2-mq","COBOL copybook or generated BMS copybook","27696","344","b573a67740f6977bc6eaeb3b128e0b778cf863d45e048f26944898fcde164446"
"app/app-authorization-ims-db2-mq/csd/CRDDEMO2.csd","optional-authorization-ims-db2-mq","CICS resource definitions","4918","79","a142bc32cdf017be8a5c822815fe9c9b7cf0d3a1e6cf0c84c4aef7c2fd2aff9d"
"app/app-authorization-ims-db2-mq/data/EBCDIC/AWS.M2.CARDDEMO.IMSDATA.DBPAUTP0.dat","optional-authorization-ims-db2-mq","binary sample data","51736",,"cce00a6c86b3e02ee6d3c99723d5d5c080f9c1e1ae779591e98ba873849d3569"
"app/app-authorization-ims-db2-mq/dcl/AUTHFRDS.dcl","optional-authorization-ims-db2-mq","Db2 declaration copybook","6730","89","e5c272465c7ba675d201a5f605cce093a85568a780cc4a483911fddc313930b7"
"app/app-authorization-ims-db2-mq/ddl/AUTHFRDS.ddl","optional-authorization-ims-db2-mq","Db2 DDL","1379","28","0adb392af580fd8d29cb1bf3d84f9f69fff57f416bf0f03658863b0eda7db285"
"app/app-authorization-ims-db2-mq/ddl/XAUTHFRD.ddl","optional-authorization-ims-db2-mq","Db2 DDL","114","4","e018d06d795a702fa6a7a6b0c7d5e8c810e911bb6f9e3cc47b4756c2bd6cf7c9"
"app/app-authorization-ims-db2-mq/ims/DBPAUTP0.dbd","optional-authorization-ims-db2-mq","IMS DBD","2209","41","cbe134350a030a4d905f04588f8f2b94ab3c1477b14a497b04fb8096a951c581"
"app/app-authorization-ims-db2-mq/ims/DBPAUTX0.dbd","optional-authorization-ims-db2-mq","IMS DBD","1710","34","8454f72e26f00fdf96f01e47590d20aa7da4eae86e795f00ba8415a7813c4e52"
"app/app-authorization-ims-db2-mq/ims/DLIGSAMP.PSB","optional-authorization-ims-db2-mq","IMS PSB","1127","24","9a7141cdee3e7dd6008a34b4d37d4756f54363cacc4ae13cb37e981cabc2692c"
"app/app-authorization-ims-db2-mq/ims/PADFLDBD.DBD","optional-authorization-ims-db2-mq","IMS DBD","1416","30","40e855743572ce60b2a58fde805f613476201d4c20f67d2b51651e7cd1f77b5a"
"app/app-authorization-ims-db2-mq/ims/PASFLDBD.DBD","optional-authorization-ims-db2-mq","IMS DBD","1416","30","a512f07874b8849535e9e1e9a12a1faeb15b0f1d8739b6c48567f8585e9c24fc"
"app/app-authorization-ims-db2-mq/ims/PAUTBUNL.PSB","optional-authorization-ims-db2-mq","IMS PSB","1019","22","843ea1b9989e7c50d3dfb70f18d2c38e91a2df25309cb91267421c03610273b2"
"app/app-authorization-ims-db2-mq/ims/PSBPAUTB.psb","optional-authorization-ims-db2-mq","IMS PSB","1165","21","4a214835124edc7adf28b8f45fcc9a8e1e7b23c5a7e434252bfc4f28d789ba2a"
"app/app-authorization-ims-db2-mq/ims/PSBPAUTL.psb","optional-authorization-ims-db2-mq","IMS PSB","1164","21","b21f21db3a2b780e1147a57527a9f163b7f7b8045099384dde717d6623353385"
"app/app-authorization-ims-db2-mq/jcl/CBPAUP0J.jcl","optional-authorization-ims-db2-mq","JCL","1778","47","c90fbd21b8ea2b6448b8939ff4f3b47c6f73472465cd7d1e25871f7779063a86"
"app/app-authorization-ims-db2-mq/jcl/DBPAUTP0.jcl","optional-authorization-ims-db2-mq","JCL","3459","47","3fabb7f3230f98fee855a8d436f70f4bd601a9e544f29c83d413a3a7a61efbcd"
"app/app-authorization-ims-db2-mq/jcl/LOADPADB.JCL","optional-authorization-ims-db2-mq","JCL","2025","51","9a0a88472f69236d14b36ecc89d83f35179d5c720c2c3a465af5f7ff510fb067"
"app/app-authorization-ims-db2-mq/jcl/UNLDGSAM.JCL","optional-authorization-ims-db2-mq","JCL","2049","53","1da94de3db6f265578c8b7498a2371c0c7246c8409f4ac44eb8013d3f0e113b8"
"app/app-authorization-ims-db2-mq/jcl/UNLDPADB.JCL","optional-authorization-ims-db2-mq","JCL","2695","69","e2c26ca546ab427d66cadeaff07345bad706c979ca396fb04e60d401dc93c66b"
"app/app-authorization-ims-db2-mq/README.md","optional-authorization-ims-db2-mq","repository documentation","12408","358","28f0e41d0dd802968c634c1fba74248f4ccc67562ee1eb4488326d15d38fbbf6"
"app/app-transaction-type-db2/bms/COTRTLI.bms","optional-transaction-type-db2","BMS map source","20740","338","5467b2008587ef84e9dc4af9f63d49ccee6e42c947299a8eaafc37a2fca98cd8"
"app/app-transaction-type-db2/bms/COTRTUP.bms","optional-transaction-type-db2","BMS map source","8460","137","32cf464a74182953b023e3123252c11fcb466eb43b0040cb50aef1287ce778d4"
"app/app-transaction-type-db2/cbl/COBTUPDT.cbl","optional-transaction-type-db2","COBOL source","19434","237","0bd7b826bf1ebaad053e71a9f78083fdeddcf60d144ad90efa5d20f97e0838b7"
"app/app-transaction-type-db2/cbl/COTRTLIC.cbl","optional-transaction-type-db2","COBOL source","87627","2098","2960cf84c1e4d9cc57d4436303bf44b75d4ff9cdd3fbdef2bfc536a886dc1390"
"app/app-transaction-type-db2/cbl/COTRTUPC.cbl","optional-transaction-type-db2","COBOL source","139564","1702","2480bde135c756c86b53837d2d6bc93a62b7c8b6ef6651f102114600581d9c7f"
"app/app-transaction-type-db2/cpy/CSDB2RPY.cpy","optional-transaction-type-db2","COBOL copybook or generated BMS copybook","7012","89","80c86b99701be42f7310eea8d766891876861f9ea97cf69967aefe8f3cf2c325"
"app/app-transaction-type-db2/cpy/CSDB2RWY.cpy","optional-transaction-type-db2","COBOL copybook or generated BMS copybook","3722","46","1526543837624a38e78a1e5eb423f36227aa8bfd09bdff2685260a2db2269443"
"app/app-transaction-type-db2/cpy-bms/COTRTLI.cpy","optional-transaction-type-db2","COBOL copybook or generated BMS copybook","20186","500","09f8ca0d0272c0f2b46e53a3b6f1937da071c62bc27e68374ee3d38d243eb59a"
"app/app-transaction-type-db2/cpy-bms/COTRTUP.cpy","optional-transaction-type-db2","COBOL copybook or generated BMS copybook","8340","200","93b453ea5eb93d29e33068d6b94e8c1aa5395c62a0f40a293b94d7acb2f60774"
"app/app-transaction-type-db2/csd/CRDDEMOD.csd","optional-transaction-type-db2","CICS resource definitions","3562","60","8d46409deebc9d4cb0dd7def65e5b9eb318389c56e2e9652a53d2c750685c90e"
"app/app-transaction-type-db2/ctl/DB2CREAT.ctl","optional-transaction-type-db2","utility control statements","3292","106","fc0a9751863c267b63fec9560ef47cacda6d857a06d76556b8b56a0ca3b9d0ad"
"app/app-transaction-type-db2/ctl/DB2FREE.ctl","optional-transaction-type-db2","utility control statements","1091","19","5e0155cc263f01f34486a8a9fee34b6e5ab3a2eeda3f3d69409424c8cd37d1cf"
"app/app-transaction-type-db2/ctl/DB2LTCAT.ctl","optional-transaction-type-db2","utility control statements","2469","39","c22c097b6be78d68e281037a30e1a0dcb18a8971dbea35a8b90a6b2e912f6e95"
"app/app-transaction-type-db2/ctl/DB2LTTYP.ctl","optional-transaction-type-db2","utility control statements","1502","24","34fecbc52cd0c29e2b1efc773e38202da7290bb1feb89aae91b9c37c147005e1"
"app/app-transaction-type-db2/ctl/DB2TEP41.ctl","optional-transaction-type-db2","utility control statements","1089","18","61d12325e772661219f8c6e4ec08bb776eb52d3bc0d2768c4c92c5b8e153998f"
"app/app-transaction-type-db2/ctl/DB2TIAD1.ctl","optional-transaction-type-db2","utility control statements","1056","17","59a18c209916b8ccba8f43417cb46f5df6e86c7ea5568ea9389e19b9bc4ae4af"
"app/app-transaction-type-db2/ctl/REPROCT.ctl","optional-transaction-type-db2","utility control statements","1076","15","3ceeb621fc3c24b249aedd2126a77d3ae665a6586fa28a6c125ed21492fc49b7"
"app/app-transaction-type-db2/dcl/DCLTRCAT.dcl","optional-transaction-type-db2","Db2 declaration copybook","3598","54","59d4b3dbf34f7f8a35962548c2d39f03d22d948281092cabf6bdf901937e5852"
"app/app-transaction-type-db2/dcl/DCLTRTYP.dcl","optional-transaction-type-db2","Db2 declaration copybook","3336","49","7fbce2671ea55ebd9874eba2ba7b1f11b189a074b5bd6f12e6e1158e592cebc6"
"app/app-transaction-type-db2/ddl/TRNTYCAT.ddl","optional-transaction-type-db2","Db2 DDL","386","7","04adba5b81a07de44f243191b5bda6634cc08b176bbf8bd592fe2882c2368b9b"
"app/app-transaction-type-db2/ddl/TRNTYPE.ddl","optional-transaction-type-db2","Db2 DDL","178","4","f3c88629e0be01ae212389db6d1fe46aa6d170395b50c22f8c6f916c2e54ce14"
"app/app-transaction-type-db2/ddl/XTRNTYCAT.ddl","optional-transaction-type-db2","Db2 DDL","176","5","9f06f0b2c311a4c1028473cf9860925457c8d4ff827e5e40ed269ba3ff0b389c"
"app/app-transaction-type-db2/ddl/XTRNTYPE.ddl","optional-transaction-type-db2","Db2 DDL","161","5","199f21ed9c6ae5b6f8d31089bcc106c716db41d80958bc83687a5b165bc44d5c"
"app/app-transaction-type-db2/jcl/CREADB21.jcl","optional-transaction-type-db2","JCL","6888","84","88b81b1d8530037d1661321e47600b9afb2a2cf4894c7eefeacd5aff07b87d69"
"app/app-transaction-type-db2/jcl/MNTTRDB2.jcl","optional-transaction-type-db2","JCL","1828","30","beaba6e4e35092c2ac7c1be7a3708303cc75d0fca00b64c65ee2d2bc1682f893"
"app/app-transaction-type-db2/jcl/TRANEXTR.jcl","optional-transaction-type-db2","JCL","4829","122","d4d3b99a71b91fbce9c145283642ee7ca31b5ad7fa51ddcdb3e2c0b2e530457f"
"app/app-transaction-type-db2/README.md","optional-transaction-type-db2","repository documentation","6971","149","0089f5e08181fababd450b54ab896e4a502c426a05812c45359ba5d29c9efe42"
"app/app-vsam-mq/cbl/COACCT01.cbl","optional-vsam-mq","COBOL source","50840","620","48ef514ed7d20530695e24c5de98d3f08655e0b41a12d4442591ef42b026236a"
"app/app-vsam-mq/cbl/CODATE01.cbl","optional-vsam-mq","COBOL source","42968","524","940c08e32dba675da3f5558c722d4cd02191322c9ed294f0821479c410828131"
"app/app-vsam-mq/csd/CRDDEMOM.csd","optional-vsam-mq","CICS resource definitions","2421","41","6730205ee8ca6a573c8878c73f7639c43a3ff6bf2569db67b277a73693d9bd4e"
"app/app-vsam-mq/README.md","optional-vsam-mq","repository documentation","5055","144","080a2407c835f0188a5975ef75ff59efd46884d1b77bb7c28587849066ed6ff5"
"app/asm/COBDATFT.asm","core-application","assembler source","2494","84","f0f69d4e8a3cd5b378ded9bd9dd4175d5d4c971762b6be82ee4f29ee0ab8dfce"
"app/asm/MVSWAIT.asm","core-application","assembler source","1499","30","7ce0239ae81d44e6d58102e6e467ec1c256066526070b7847570b1343bbbcab1"
"app/bms/COACTUP.bms","core-application","BMS map source","31900","512","8be5cea4a7ebba705f9c4270d29f1a08e25e6bfd58f808af354ee7964fcd016f"
"app/bms/COACTVW.bms","core-application","BMS map source","23250","378","4d68dd4642d1f8ad4255237d2c759a3e7fb73e456aa5b3cb5de91d736bab07e3"
"app/bms/COADM01.bms","core-application","BMS map source","10668","167","d5090ba6ecd6b703044e9b2fc97c1a2aebea4f0c661627a6c59049314eb6a782"
"app/bms/COBIL00.bms","core-application","BMS map source","8917","141","2d8b91c47bbda0b1d1977eb39cb63281a7a2b5e2f68b6ceb504ab88cdb081134"
"app/bms/COCRDLI.bms","core-application","BMS map source","21820","344","a203e0a251af2101f4c8f578e17c6bfe8fe46099539b72e5967fe9daa7776627"
"app/bms/COCRDSL.bms","core-application","BMS map source","9845","157","c6c787f2f14080feadfb46dd3c155672a479bf1653d0a96a9c0246a47cdf34ea"
"app/bms/COCRDUP.bms","core-application","BMS map source","10828","172","3fdeeac6887abf4633496e4874f85f2f742294f2eb667e66fd971fb876cd6ba9"
"app/bms/COMEN01.bms","core-application","BMS map source","10666","167","39e32eed7fd453defd5ec15779190449795256733a9e8425edf1f2c7d06736c7"
"app/bms/CORPT00.bms","core-application","BMS map source","14862","231","ae1cb72c16c63e25f86293beb5cc56da470a60416e9f802756a306eff60c7c04"
"app/bms/COSGN00.bms","core-application","BMS map source","13832","210","f45629abf19757ad2e7376642fc0490de1e4a5f81136d8e3b26128c85a7e7432"
"app/bms/COTRN00.bms","core-application","BMS map source","29841","464","79c493a8b1be03bc2870f6f1774353f6bb16ce9f1f64c217ac6ff6d4b393ece8"
"app/bms/COTRN01.bms","core-application","BMS map source","17332","273","c4da1047218063689f02d3c9ffcbe85724693957639170f21365f1c320e58c0c"
"app/bms/COTRN02.bms","core-application","BMS map source","19640","307","8b11d0505c758491fed477a2cd9322941240bc483a6a2953372307b3d603ea91"
"app/bms/COUSR00.bms","core-application","BMS map source","29814","463","fb631d0cdddfca985bfec1f6d3f9d0e85834a51ef33752f0e980f4ca3a1dedd0"
"app/bms/COUSR01.bms","core-application","BMS map source","10502","164","f745061c0d905eb28016270842d189a2f9fb419d552a132352071297b0135646"
"app/bms/COUSR02.bms","core-application","BMS map source","10804","169","f114187733c1e3faf198b1e76e693d5da90ab6031339ddb6c48f204ac743c37f"
"app/bms/COUSR03.bms","core-application","BMS map source","9783","153","28dc2e748d718ffe8b34b48e7a34a4dd64422c74723b8f908ad1a116d76fd389"
"app/catlg/LISTCAT.txt","core-application","text data or captured output","199577","3956","6612fb4cc4d3f0aeb74a226d19846381be038a6ba62b33cc80ea1174090e4531"
"app/cbl/CBACT01C.cbl","core-application","COBOL source","17880","430","60f39ca08528de74ef008fd6d1d11c9c2e9be1543070d36a12cb6ef00f510cb9"
"app/cbl/CBACT02C.cbl","core-application","COBOL source","14274","178","90ca766ea90dd38081597dfdc6ca4a0232047c742b09a268f231b2a49ffbddd2"
"app/cbl/CBACT03C.cbl","core-application","COBOL source","14279","178","78e7d7109d331ed078836e65003d4ace7d815d6280e9c0ccc153801611ff8fe4"
"app/cbl/CBACT04C.cbl","core-application","COBOL source","53131","652","0ff681b12950033d649146becd794f2e9d7bf336918c6acb5413f0ad5fce3c44"
"app/cbl/CBCUS01C.cbl","core-application","COBOL source","7092","178","583e7bc74c2daa61f89a4f18a0bcb4feb7a8d2ae141f761c680a3cf163460921"
"app/cbl/CBEXPORT.cbl","core-application","COBOL source","24779","582","2f445912d3a861f3ef66078788f6b27611ffb630d488b6d71f9953c1d651110e"
"app/cbl/CBIMPORT.cbl","core-application","COBOL source","20726","487","5798e340bd4b51302502e3e9906021409b7ef57a8f6dae245d745f68cdd28781"
"app/cbl/CBSTM03A.CBL","core-application","COBOL source","36498","924","54210164f798c7b38609400d846d4b03f46da2c67cdf69e968951cfc3e8caf3e"
"app/cbl/CBSTM03B.CBL","core-application","COBOL source","7213","230","c183707f0dae0b5e9387373fc3624f0462ad95ccbbb6c8a34167591e206bcbf8"
"app/cbl/CBTRN01C.cbl","core-application","COBOL source","18461","494","f826af9a608a34ba6e271c9bdc689d337515c40eb091e790a43069e26cbbdb12"
"app/cbl/CBTRN02C.cbl","core-application","COBOL source","59621","731","ca73e806cbce4d07da7fa307ad32cf60d9f03aa50ff05c48dc522f6bbf8c1bb2"
"app/cbl/CBTRN03C.cbl","core-application","COBOL source","52888","649","829445100549e7840c945bab9271b931e1abb23d3b94a56bbef857d0b2f7b01a"
"app/cbl/COACTUPC.cbl","core-application","COBOL source","186699","4236","e7a097a02870a13529ab846a2ddd3cf398a243263517ded399bd55a25fb9578f"
"app/cbl/COACTVWC.cbl","core-application","COBOL source","75705","941","da3f601516d4282efe2e084a034cfe545c117c5508a019a2cba81a72ad86bf8c"
"app/cbl/COADM01C.cbl","core-application","COBOL source","23024","288","7af0a5766117ee4c42c579dfaf4fc3f133c1c39f677835426a7cac2bc486b493"
"app/cbl/COBIL00C.cbl","core-application","COBOL source","23998","572","82325a5511bd7e409a80998ab75a3348ba91d3d4afd1a3b44a8efa7e70c4806d"
"app/cbl/COBSWAIT.cbl","core-application","COBOL source","2020","41","38a8d28235e58509776f5c8c74c113d5848a7ac68fab753c55ab887221c3b43a"
"app/cbl/COCRDLIC.cbl","core-application","COBOL source","118835","1459","fa2c01b129a18e041c97809b99e1f2816ebdc580a7d383e5b94e418244309b26"
"app/cbl/COCRDSLC.cbl","core-application","COBOL source","72195","887","3c563bf200a7f5bac0823df754dc596d46d24f6a634a5a2a4adb3d6b9b0057ab"
"app/cbl/COCRDUPC.cbl","core-application","COBOL source","127521","1560","d7a44daf5e8f7062da922b43f835e68515bcc4ff9258db90497cae5013f6edf6"
"app/cbl/COMEN01C.cbl","core-application","COBOL source","12769","308","bdfb0b465d9a7d3c0f121898ac848af7c89b95998b5d09203e8b43b9fb7ac7c5"
"app/cbl/CORPT00C.cbl","core-application","COBOL source","28951","649","fbe70de1c463de08f0efba5082160ddca1ab399525f5cde82ed94b78867d1c61"
"app/cbl/COSGN00C.cbl","core-application","COBOL source","10548","260","a80ec65197fdec85466da211e09603dc6303fd5a436a13cee6234296302fd185"
"app/cbl/COTRN00C.cbl","core-application","COBOL source","29969","699","22b2a16677e45dd2a32a125415d0ee143e05eb0f8017f2441eb8a47af132d7dd"
"app/cbl/COTRN01C.cbl","core-application","COBOL source","14574","330","766b81ac1776ec20442ce36a303462e45cda8c4c59ec1ce2e1e54d09113069ab"
"app/cbl/COTRN02C.cbl","core-application","COBOL source","34448","783","04d9319fa61eba73baea7d15069cf512fa563b6148fab713188f467477d61821"
"app/cbl/COUSR00C.cbl","core-application","COBOL source","29980","695","3022eeb2e549000f3ed6bf2d9fc7e570e4635d8b300a60dcc91360a617274437"
"app/cbl/COUSR01C.cbl","core-application","COBOL source","12870","299","68ccce51b9907999aad3ce10b8610561ddff3388281ecc657841e0eb6920b8e5"
"app/cbl/COUSR02C.cbl","core-application","COBOL source","18025","414","5325a348fbb87eb7d1d698a901ab214807d5ace3c8118458895d20465291d14a"
"app/cbl/COUSR03C.cbl","core-application","COBOL source","15397","359","979da8c527e07ca11c345299df850d3da639e8c3fa9dfce3cffdbf78eded90b0"
"app/cbl/CSUTLDTC.cbl","core-application","COBOL source","11765","157","55ca5fa7d9664464351f2c0473bf0fd9caf55a7e183dc4940cf6e338e12f6dbe"
"app/cpy/COADM02Y.cpy","core-application","COBOL copybook or generated BMS copybook","5076","62","523b47a74aa9cd658306d3041eb40d1c7d46fe14c665b27c5870a180757bedac"
"app/cpy/COCOM01Y.cpy","core-application","COBOL copybook or generated BMS copybook","2761","47","62b83142d6db09e372eb29417eb2cba4fd3cf684cea80023e52394bac6adb87d"
"app/cpy/CODATECN.cpy","core-application","COBOL copybook or generated BMS copybook","2723","52","8efc6b6d79bd46d65fcdc4e6a8e3778511fca76054f3fbae8e3075b0a2aa8fb1"
"app/cpy/COMEN02Y.cpy","core-application","COBOL copybook or generated BMS copybook","5425","101","2c22bb76148516c5669e792500ab36bd20b7a580d51a9c1754e069b686a90e3e"
"app/cpy/COSTM01.CPY","core-application","COBOL copybook or generated BMS copybook","2037","38","660aa12a59dc411cf9e9b5ab2deb7b097802f73e4269518b7cea74d8f8e9df5c"
"app/cpy/COTTL01Y.cpy","core-application","COBOL copybook or generated BMS copybook","1669","27","14f0249f66357e4fa204199468223db4db9a1cf837cd6de796e48e9034eb6123"
"app/cpy/CSDAT01Y.cpy","core-application","COBOL copybook or generated BMS copybook","3292","58","31dedbff000cb43db2eafc95ffc5ae8794ef07d130e429d338226e6395c3d2e9"
"app/cpy/CSLKPCDY.cpy","core-application","COBOL copybook or generated BMS copybook","52717","1318","f48a061c6e09588e3520ce68e7374bd503822c8c60180dc509a74e45f8c9e73f"
"app/cpy/CSMSG01Y.cpy","core-application","COBOL copybook or generated BMS copybook","1557","24","a9feca5c28dd3de5eeb216dc1bd08cecc7f91a601808a7313105e1a867558eec"
"app/cpy/CSMSG02Y.cpy","core-application","COBOL copybook or generated BMS copybook","1956","35","4da754da3bd323ba2f1f2bea16cba28f5e0a810304ec8a4f7cd4ad9470598893"
"app/cpy/CSSETATY.cpy","core-application","COBOL copybook or generated BMS copybook","1915","30","7c8786b6e8105d7b6b93c331fdf7616bf9005d3d5681f194c5c43d7ed2497e85"
"app/cpy/CSSTRPFY.cpy","core-application","COBOL copybook or generated BMS copybook","6688","85","0459e90b39d51df4558b9d690b0a39f9688605dcfd3eef56c363188ea3b9c326"
"app/cpy/CSUSR01Y.cpy","core-application","COBOL copybook or generated BMS copybook","1608","26","8b164952a8dbf5c8081ea715ab4d865b962b80886c20272bb3a4ea216b48fc90"
"app/cpy/CSUTLDPY.cpy","core-application","COBOL copybook or generated BMS copybook","13436","375","ed3ced09c0c525c404fca28960840bf86ae6ace1c86adf7d745409ba8d264e37"
"app/cpy/CSUTLDWY.cpy","core-application","COBOL copybook or generated BMS copybook","5352","89","47eb2f5c2b53ebd6e5db3c88c375b318fcd30d939e0948f83038f2b7a9ae242d"
"app/cpy/CUSTREC.cpy","core-application","COBOL copybook or generated BMS copybook","1544","26","a4cd161cb21c45081a0f50574c90bbe6c03b83b3aaedc3a1ba2ce67aaef8d2de"
"app/cpy/CVACT01Y.cpy","core-application","COBOL copybook or generated BMS copybook","1145","20","b14ac0cf22440a6f6091e578dcece62be93446c525eb6f2ab2d6d9405098a631"
"app/cpy/CVACT02Y.cpy","core-application","COBOL copybook or generated BMS copybook","744","14","ef183c73f10d7130123749d961ea3679e56c3827a6fc0e6ffe27e803fd1177bb"
"app/cpy/CVACT03Y.cpy","core-application","COBOL copybook or generated BMS copybook","747","11","0c084476c3cfe603c5e81e1c3ecaab1bd128d30c3882c239cea36b96f16f445c"
"app/cpy/CVCRD01Y.cpy","core-application","COBOL copybook or generated BMS copybook","3482","46","ff1abb3c7ae8c5242c4237d565fa42bb73c04c17cceeeb4a89dc1c4dc1ab0124"
"app/cpy/CVCUS01Y.cpy","core-application","COBOL copybook or generated BMS copybook","1614","26","41cebaf673d70bf17a5d191330fdb4e3dbcb82b0f4a27a3928cc27203f3f05e9"
"app/cpy/CVEXPORT.cpy","core-application","COBOL copybook or generated BMS copybook","6271","103","84d2c4cbff51998d106450cdfb9944586cc86d7d07f1dfc0b0e3d736e0272310"
"app/cpy/CVTRA01Y.cpy","core-application","COBOL copybook or generated BMS copybook","911","13","270947433c1c269d23422de2e330a448d11a4bb1c155ee42d32b67e7fdb73e71"
"app/cpy/CVTRA02Y.cpy","core-application","COBOL copybook or generated BMS copybook","911","13","a52d963690250e8c367031dbfe3a676c136c774340c98175dfba13ccede65c07"
"app/cpy/CVTRA03Y.cpy","core-application","COBOL copybook or generated BMS copybook","665","10","d92591968ebd756b7aedd833c7d6db2b725cfff9ccf146001fde3d1fe35e9bd7"
"app/cpy/CVTRA04Y.cpy","core-application","COBOL copybook or generated BMS copybook","829","12","9cb9b451fc4c3d4d0404f66bc1be995bff9f05146ddb4ec87ee8173b9f357aa1"
"app/cpy/CVTRA05Y.cpy","core-application","COBOL copybook or generated BMS copybook","1567","21","9e568ff691ee3b63c216cab406f03acaff6a7c79ec23608525664d34769c8cdb"
"app/cpy/CVTRA06Y.cpy","core-application","COBOL copybook or generated BMS copybook","1559","21","03f47e9c644960076fc97de0fc216faffdee95fed1823974956dbcbf2ecda231"
"app/cpy/CVTRA07Y.cpy","core-application","COBOL copybook or generated BMS copybook","5831","73","c029d323d3eeeda93ceb0ba8cbc8e561bc69cd38c48545d833b5e85b7e662082"
"app/cpy/UNUSED1Y.cpy","core-application","COBOL copybook or generated BMS copybook","416","10","7db9c8fd2e8e1be376a0ba9d5db47214dcae8fd14960ad1dfc65c0d4915ef742"
"app/cpy-bms/.gitkeep","core-application","marker or placeholder","0","0","e3b0c44298fc1c149afbf4c8996fb92427ae41e4649b934ca495991b7852b855"
"app/cpy-bms/COACTUP.CPY","core-application","COBOL copybook or generated BMS copybook","26716","668","69183c96277af5811186338ec4bb7306bedc79ef851b40cf421e41d2ce070582"
"app/cpy-bms/COACTVW.CPY","core-application","COBOL copybook or generated BMS copybook","18863","464","b5daa8ff7224d16d52a3b57abe31684e5b6c3ba3b334f41623c78ed462c1bb4d"
"app/cpy-bms/COADM01.CPY","core-application","COBOL copybook or generated BMS copybook","10766","260","14ebe641036303a5b2040389a0a9982400335b347b42f391fe8f7c16697e0ecc"
"app/cpy-bms/COBIL00.CPY","core-application","COBOL copybook or generated BMS copybook","6026","140","ff070c9b6361c1cfcc568614fd22c93061ca9600e9e3a5d70942a33ae7dd655b"
"app/cpy-bms/COCRDLI.CPY","core-application","COBOL copybook or generated BMS copybook","22576","560","8d41ad584531170d7b503f8fbb5ff3f8b1421cc2f410068ceba81235258ed64e"
"app/cpy-bms/COCRDSL.CPY","core-application","COBOL copybook or generated BMS copybook","8372","200","3e17268853e36a0a4dc0ef5847f3ff78e18893f413d7ed6c19213b6279a8a105"
"app/cpy-bms/COCRDUP.CPY","core-application","COBOL copybook or generated BMS copybook","9298","224","d133cce465d01fc14c33aa7bf82d48a7eca40dc322fa48be673945a54a1642f7"
"app/cpy-bms/COMEN01.CPY","core-application","COBOL copybook or generated BMS copybook","10766","260","ef7a5c485acb2f31b0e056c7538b63a107e7b5ba1b596603705c167cb6367b9d"
"app/cpy-bms/CORPT00.CPY","core-application","COBOL copybook or generated BMS copybook","9236","224","d21d39a24b00f032b93580dfb46f48fd6920d134be0abdd2a125961aae3db56d"
"app/cpy-bms/COSGN00.CPY","core-application","COBOL copybook or generated BMS copybook","6454","152","ebcd103fee02dbf32ce155fafb205086b1868d86bdaf452eb11e9fbc6a63b07a"
"app/cpy-bms/COTRN00.CPY","core-application","COBOL copybook or generated BMS copybook","29222","728","b3cf2e883c4cce67cf14a36e9ac711044d293b2efc872ab9f6ecd1fda9e8bc6e"
"app/cpy-bms/COTRN01.CPY","core-application","COBOL copybook or generated BMS copybook","11056","272","9cf0ab304f9894dfad6f37830069c316f4f3b27d5cf6d4787c8cd0b526eadc68"
"app/cpy-bms/COTRN02.CPY","core-application","COBOL copybook or generated BMS copybook","11074","272","7a2001f5f8af41281c11a2e0c56ee122cc85c0dd7d714dd7e5fef0fac6736131"
"app/cpy-bms/COUSR00.CPY","core-application","COBOL copybook or generated BMS copybook","29200","728","c01c707d0c49a6fbdfb833425fad717729095f1c57a86e3e5ecd5503a13f69bd"
"app/cpy-bms/COUSR01.CPY","core-application","COBOL copybook or generated BMS copybook","6920","164","32daefc0e992f83d6dd64e8528dc4519a621c88daed0832754d0ff2d1e1c0ca3"
"app/cpy-bms/COUSR02.CPY","core-application","COBOL copybook or generated BMS copybook","6930","164","86588e14e80016f346d45a730b3f7fa841408d269e29eb79a1a1ca6743197fe3"
"app/cpy-bms/COUSR03.CPY","core-application","COBOL copybook or generated BMS copybook","6468","152","82b9622bc626b66b7330e51578da22a39971cfbc5d10907bb8df7ab32bc05ae3"
"app/csd/.gitkeep","core-application","marker or placeholder","0","0","e3b0c44298fc1c149afbf4c8996fb92427ae41e4649b934ca495991b7852b855"
"app/csd/CARDDEMO.CSD","core-application","CICS resource definitions","30445","505","cc15a78a9b3ce02d4b4fe4dcdcb11ccc0fdc6b686c3e4817d6c56390b59d660f"
"app/ctl/REPROCT.ctl","core-application","utility control statements","1076","15","3ceeb621fc3c24b249aedd2126a77d3ae665a6586fa28a6c125ed21492fc49b7"
"app/data/ASCII/acctdata.txt","core-application","text data or captured output","15100","50","7827518a510df5ccaf2a71b2aa3df9c440053f65b8029b41e580629f65a39e93"
"app/data/ASCII/carddata.txt","core-application","text data or captured output","7600","50","71bebf4e057af2d8303cbd78bbb41aa4b96e81d901e3168228d58fe1c798017e"
"app/data/ASCII/cardxref.txt","core-application","text data or captured output","1900","50","2456323e4297567a21d2fe0b19b7b81306b77fd801916a5da8b8a514ec00a6a0"
"app/data/ASCII/custdata.txt","core-application","text data or captured output","25100","50","291f3d5120835faf9e655b7b7ce9c357eb432269b8b7277faf652ae6b65ad71a"
"app/data/ASCII/dailytran.txt","core-application","text data or captured output","105600","300","c594b45686bafa8523c8f5e99051788a311fa11841de5b5548a269c8c828b4a7"
"app/data/ASCII/discgrp.txt","core-application","text data or captured output","2652","51","465fadfbf1874517a7b9971b3f45e1d939cb953ad064429be902952e3c4d8486"
"app/data/ASCII/tcatbal.txt","core-application","text data or captured output","2600","50","06c23024fc4267759ebc287a8efa1b6ebaa2c064bc279f760e9d2525a54c5f24"
"app/data/ASCII/trancatg.txt","core-application","text data or captured output","1116","18","314ee34680b039e4712ae4ad45de09d351e8279ed7a491237daaa844075492fe"
"app/data/ASCII/trantype.txt","core-application","text data or captured output","434","7","caa7aea053c8f8a079276308cf9448a952cbc41abf86c1188a6d1f0f4302de14"
"app/data/EBCDIC/.gitkeep","core-application","marker or placeholder","0","0","e3b0c44298fc1c149afbf4c8996fb92427ae41e4649b934ca495991b7852b855"
"app/data/EBCDIC/AWS.M2.CARDDEMO.ACCDATA.PS","core-application","EBCDIC sample data","15000",,"23167cdff65ca6dfa2e5bccee89112e3e83a80247a38e251f3981377ab098ec9"
"app/data/EBCDIC/AWS.M2.CARDDEMO.ACCTDATA.PS","core-application","EBCDIC sample data","15000",,"23167cdff65ca6dfa2e5bccee89112e3e83a80247a38e251f3981377ab098ec9"
"app/data/EBCDIC/AWS.M2.CARDDEMO.CARDDATA.PS","core-application","EBCDIC sample data","7500",,"b5d968b6865bd48fb45928ef6cacce9b6aacdaec7b51cfcc9819b9fafcaed3e5"
"app/data/EBCDIC/AWS.M2.CARDDEMO.CARDXREF.PS","core-application","EBCDIC sample data","2500",,"b07ab2e5fa2500501c1dcaffe478ee74c4562a290174020a093dfa6f0e6325d3"
"app/data/EBCDIC/AWS.M2.CARDDEMO.CUSTDATA.PS","core-application","EBCDIC sample data","25000",,"0435915cd35ea3077bad9d391fea1520bc7f30ec06d6e29fbe68290f3d6f27f3"
"app/data/EBCDIC/AWS.M2.CARDDEMO.DALYTRAN.PS","core-application","EBCDIC sample data","105000",,"479b1f99cb7adcd9b79e94708f04c8bde0a010ba87f2ed69ba8af1effe57d076"
"app/data/EBCDIC/AWS.M2.CARDDEMO.DALYTRAN.PS.INIT","core-application","EBCDIC initialization data","350",,"aef36e51163a80999656487416e9edeec70b1e190fc70185c8e86c577e135073"
"app/data/EBCDIC/AWS.M2.CARDDEMO.DISCGRP.PS","core-application","EBCDIC sample data","2550",,"722df78926c1ac01ed8e1138d2bba72593ac21046c994685c64fc7c87a5851d3"
"app/data/EBCDIC/AWS.M2.CARDDEMO.EXPORT.DATA.PS","core-application","EBCDIC sample data","250000",,"e1d6cfbe62a77b5c7e3bd78d920813a76ca7bf18280a17f988221ddeda19b3ba"
"app/data/EBCDIC/AWS.M2.CARDDEMO.TCATBALF.PS","core-application","EBCDIC sample data","2500",,"725dbe47d34d67053090efde8819af686ce424ed9dc0c8fd3f33cd1bf786b68a"
"app/data/EBCDIC/AWS.M2.CARDDEMO.TRANCATG.PS","core-application","EBCDIC sample data","1080",,"3c171c53c0b90ec7b0c267305cf5ba051825dfff78021425c601141f2f3c99e2"
"app/data/EBCDIC/AWS.M2.CARDDEMO.TRANTYPE.PS","core-application","EBCDIC sample data","420",,"97735eb6979387143a98947a0681aed745a63c6a1f7dfbea1667dd4a6d567cf2"
"app/data/EBCDIC/AWS.M2.CARDDEMO.USRSEC.PS","core-application","EBCDIC sample data","800",,"8608d4b8a03f7587c1493282f9337ab24fdf527d0aadbdb85dc3713dccdc6fc8"
"app/jcl/ACCTFILE.jcl","core-application","JCL","4945","65","92ce6733ad0e3fad640e19d1224003fe30c711c2564eb7a660d53fd7f0dd6622"
"app/jcl/CARDFILE.jcl","core-application","JCL","10075","128","795600a41abec0706aec8bd0dd93446b29cf01fcd8f9d2173e4ec6d5476611d0"
"app/jcl/CBADMCDJ.jcl","core-application","JCL","6575","167","49b99c74e97d7177e558748f58b73cc418daacd93b415d908b09651393841916"
"app/jcl/CBEXPORT.jcl","core-application","JCL","3019","72","e5d010a3209dbbcf6d9b92a3c71b7c806019ce014ad921430eed9abf1706f804"
"app/jcl/CBIMPORT.jcl","core-application","JCL","2823","68","9f3adc0cde9d471b0976a4e4c5bee625a65fd0cdcc1e031d9abde8f5c3e8ccf5"
"app/jcl/CLOSEFIL.jcl","core-application","JCL","2269","34","e47d406dde49f06847a46559fa9a7182b80b85f0727a5f0be312286f34df9192"
"app/jcl/COMBTRAN.jcl","core-application","JCL","3714","52","a91649d6a927e1fd7b81fcdab39088ae26554eea52b07d5715e488c81c3f2cc2"
"app/jcl/CREASTMT.JCL","core-application","JCL","4554","97","87a18700fac7bccfffbefa5d80fed0b171fdc36caeebb575c8a3cf66e4fc3caa"
"app/jcl/CUSTFILE.jcl","core-application","JCL","6485","84","5fa6da4bc85866f0e08783585e7c652d312179982dbdd821866f569a083ac976"
"app/jcl/DALYREJS.jcl","core-application","JCL","2265","32","ce396a6469c84577ea508d184f7ea6a42ceacd54c6a5e0fb097e626bb6361d45"
"app/jcl/DEFCUST.jcl","core-application","JCL","2462","47","03dd2fc683ced79ec53269f6a24d48ceadb87ae4d6a5b48b65a37763046dfd58"
"app/jcl/DEFGDGB.jcl","core-application","JCL","4807","63","4ccd135a079641b2d484b7789ea0f47955725774442283274f204480c0903f3f"
"app/jcl/DEFGDGD.jcl","core-application","JCL","3811","94","78c13d7e0e851aecd1acbfcedd26b60633a3a850dcd9fe38de339362be5e4830"
"app/jcl/DISCGRP.jcl","core-application","JCL","4969","65","64a250c918cc8205eddd6d51615e24a8c23585ff012ea518c6d452ebd7d71492"
"app/jcl/DUSRSECJ.jcl","core-application","JCL","4152","92","71a529aab49502e9ce57abcdb268a896e34b947409d3278c5dd813f93105e33f"
"app/jcl/ESDSRRDS.jcl","core-application","JCL","5067","124","9bec766029968057b831f539cc91b84e4e1d8ee22aa3de5ba6b509f8a698de77"
"app/jcl/FTPJCL.JCL","core-application","JCL","1654","42","10393acea782d865532700ac61c9282c0438e921b34e698ddba1a046e974899a"
"app/jcl/INTCALC.jcl","core-application","JCL","3008","44","b9313658a1e6fdb570a765c5e5e0e9e23d83f7062439c7d18544da986fbf108d"
"app/jcl/INTRDRJ1.JCL","core-application","JCL","776","19","bc1c4427ac4d980ea01686026f7f15d1e86b060c7c3dc5c795730cea5441dd87"
"app/jcl/INTRDRJ2.JCL","core-application","JCL","629","14","e89c73e8ebffa116c27e7c2e335b364467355def280c6208b7ef9d70ca66c7a8"
"app/jcl/OPENFIL.jcl","core-application","JCL","2266","34","adf1f084e330739d5b220bc6ba08b0345ab5b9083e020d6f4527d021b6838a3a"
"app/jcl/POSTTRAN.jcl","core-application","JCL","3291","45","a4de9f8cc5fbcaefb12e0b05fe87cb7d0b4accaa8a05f2ff6c13cf325431e2d6"
"app/jcl/PRTCATBL.jcl","core-application","JCL","4382","66","0668cd90c6092711cd173b3dfcd884887c11408e7c5c9ebc2d0332d929750cbe"
"app/jcl/READACCT.jcl","core-application","JCL","2407","50","0965badda9c801df4f86e74755b66325764d8d1a840c615e6552b660f6401f15"
"app/jcl/READCARD.jcl","core-application","JCL","2148","31","2b8ef6678d477345868671ace4b6a9990e33081d6ba6b47827aad980927132b7"
"app/jcl/READCUST.jcl","core-application","JCL","1634","30","3b39d6182c5483967c63616df65c56359e13a8a10c5bf08dcff9fe98566196a9"
"app/jcl/READXREF.jcl","core-application","JCL","2096","31","09f076859afdd2a12bbe2e5eb1380bb986a656efe7bfb65a39377ad2c581db52"
"app/jcl/REPTFILE.jcl","core-application","JCL","2239","32","b78fd0ff11009e23d5dce60a79daa5d947990d3b9e7a04ccb346fcc90151dee0"
"app/jcl/TCATBALF.jcl","core-application","JCL","4930","65","9ff82ea5a21fd54c3ce405a14fd0851a7c17af71ed4e27a2bb2ce1860f50692b"
"app/jcl/TRANBKP.jcl","core-application","JCL","5401","71","bd7a846799373121152a91b52427f3c668f390f448609d0eea534d49989acb9d"
"app/jcl/TRANCATG.jcl","core-application","JCL","4949","65","09ad86b3c1ac0b32cee842682baead25c1ded1572c65599591b28826261de457"
"app/jcl/TRANFILE.jcl","core-application","JCL","9846","125","c506a68f7482a971133524ec1d8b76001f593d4e1e98477c12c80ede4e4ce2db"
"app/jcl/TRANIDX.jcl","core-application","JCL","4268","58","ad12d5f7b4b4e37b17baf23a5b1bf208ff35945182d587a909e0208d3bd45855"
"app/jcl/TRANREPT.jcl","core-application","JCL","6511","84","081aad149f0a9c020440fb6e6da93f2a6cf6d1f77eead3cefea3702b13d79802"
"app/jcl/TRANTYPE.jcl","core-application","JCL","4950","65","7993012c72041e6a9cbda9fff43549af4f8789081dc8a64b71a8a1a01f775254"
"app/jcl/TXT2PDF1.JCL","core-application","JCL","1489","41","7b051e99abe3fdcf772d613646b39f9abf10b02e9f52422d073fa0c52908e46b"
"app/jcl/WAITSTEP.jcl","core-application","JCL","1568","27","36c98a55c7701bfaa9bd6404d2aca95888880d4f908ced678840a37e2e3eac5e"
"app/jcl/XREFFILE.jcl","core-application","JCL","8271","106","f4a24014ae9ebfdf4d36db958e1fadb76158114fa6f721e9b547d0842d556f24"
"app/maclib/ASMWAIT.mac","core-application","assembler macro","849","20","a87bcd00ae6e3d6654169c17c1f37174307527c8554baacd1b8a6d4da0d31c98"
"app/maclib/COCDATFT.mac","core-application","assembler macro","1123","23","0e4ae6147453ee88e9688fa056cfd197e3d599bcb7c9be5be426cd98383f3029"
"app/proc/REPROC.prc","core-application","cataloged procedure","2265","32","cbe8a6eb2e718baf4a45d474e369dfe066e698f09e295a5ae5f8de69088c3f53"
"app/proc/TRANREPT.prc","core-application","cataloged procedure","6365","82","fdbdc473dd21ba4908613c47180542ceffea8ea9a976a9413355361c6deaf103"
"app/scheduler/CardDemo.ca7","core-application","CA 7 schedule","29514","571","61d204864a80f79934029c80a1ac8ef126fc76f04cdce38d144928e84133d463"
"app/scheduler/CardDemo.controlm","core-application","Control-M schedule","20100","93","8efe566cd0fb3f2bcee70d74b8c5bd45c86e3df01bdb87f9006f53a63e8d0294"
"CODE_OF_CONDUCT.md","repository-metadata","repository documentation","313","4","51e371ca53f211d7429c83dfd151a9ac5ccb5ffd668237ec63984ec556142716"
"CONTRIBUTING.md","repository-metadata","repository documentation","3219","59","eb4eeb7bd4e9a8d99b67b744e5356a3681c42313b3789eb5f777b9d97d910abb"
"diagrams/Admin-Menu.png","reference-diagrams","reference image","909673",,"2034c0b5b72495812030178e6cccc924f5dd292833294cdfa720ffd20b7330eb"
"diagrams/Application-Flow-Admin.png","reference-diagrams","reference image","100312",,"bde3145df5f5337af0bf4a41d8b5f9ee10b7db1647330e470d015a0a341f72ae"
"diagrams/Application-Flow-User.png","reference-diagrams","reference image","167770",,"bd14babc44c3d7d361c9058649b6d40f24100adf7a5deb2d92909b3461e042bd"
"diagrams/auth_details.png","reference-diagrams","reference image","317120",,"1313635a7e9172d6be8e041e741e5281351785c91a24822c186a0e89886d9aef"
"diagrams/auth_flow.png","reference-diagrams","reference image","98975",,"a1b02725d3dfa730210c84273196a1d2caa62f42af9f2cc658d98489387e5122"
"diagrams/auth_fraud.png","reference-diagrams","reference image","331791",,"7a24a1a1c9146d49f150888c24043e728e6c14597f2a0fca152ea9aed965894b"
"diagrams/auth_summary.png","reference-diagrams","reference image","388881",,"08a58f4d047370e6126bc0fa3804bb1efc9a51fdf243ec07fd383429beabb815"
"diagrams/CARDDEMO-DataModel.drawio","reference-diagrams","diagram source","8872","1","8b609a93a91af114f4b2803b51bd384d420ffeb05f4c890253fd248bafcd269c"
"diagrams/db2_model.png","reference-diagrams","reference image","41459",,"742eff8bf12168e1a41c39494d89e268a41167d18c6c9a84a8e5634870ac13c6"
"diagrams/ims_model.png","reference-diagrams","reference image","89401",,"e82b3f854a30994756c7e42ee4dc99780e5783f65ec9246900b917def94953a5"
"diagrams/Main-Menu.png","reference-diagrams","reference image","409799",,"bc1e68c59a38b51508efc7285ab87cd3316ae21e016d478c79057e846472c8b2"
"diagrams/Signon-Screen.png","reference-diagrams","reference image","390423",,"e251ce4c54c840d999bf86090f8d38ed9b084b593aa56a9967e858659f3f38d0"
"LICENSE","repository-metadata","other","10317","175","88046bf22d5b4f4b8cc85079ae6aae5424a3a1999db952ed152828ff325b2c6d"
"NOTICE","repository-metadata","other","68","1","3b921bdc93d93a9db034684b0b3154f1d4bab94b275be2fe37ccbf6d7f285b66"
"README.md","repository-metadata","repository documentation","24040","398","9853c8e293f54963b52daf4ebdebce8fb974f51fc6cb4aabd6dd0a12af283969"
"samples/jcl/BATCMP.jcl","build-samples","JCL","3224","42","f7b03b02912d20e5e59a17ca85f47a2814c26cfe7fbc34da19c70a073ce68997"
"samples/jcl/BMSCMP.jcl","build-samples","JCL","2683","47","313cd71d36faadb4c120483cbeb1a37136cf199f3b8105d66cf6e97674aa11cd"
"samples/jcl/CICCMP.jcl","build-samples","JCL","3860","50","2a015a56095c12af4c6270deb3650b6dbe5383ba4d029c08d9d2479b2c6324f0"
"samples/jcl/CICDBCMP.jcl","build-samples","JCL","2746","56","e90257b488c071d1b73fd271afdc17037095c6b9630385809c656a60671374b3"
"samples/jcl/IMSMQCMP.jcl","build-samples","JCL","4550","114","78405236e2b6c04e18d2a6228f348dccb01753063d90a90e8712b676566a87ff"
"samples/jcl/LISTCAT.jcl","build-samples","JCL","1990","39","88761c18b6aa1191b1f4853ba02c1da72daa9f9c40c6692d1cfafa166862c937"
"samples/jcl/RACFCMDS.jcl","build-samples","JCL","2382","34","154311149b2d1714fdd9b16e6ecae1c4c863771953099e6a53cd6eeea5a94052"
"samples/jcl/REPRTEST.jcl","build-samples","JCL","2565","36","ac7e7ef9faf59dca61cdedd00634acfe707b54ad8cca9fd06474afeab84fe828"
"samples/jcl/SORTTEST.jcl","build-samples","JCL","2238","38","2697dcc8e5e7871db59840e68008f137ebb7ed5683ed6ef6e2aad967e612442c"
"samples/m2/mf/CardDemo_runtime.zip","build-samples","runtime archive","468566",,"683ef5bb461553ae9cee17c8c115f63bcb241ddeb832a2f1c62e8f96e9dbe2e3"
"samples/m2/unikix/UniKix_CardDemo_runtime_v1.zip","build-samples","runtime archive","434174",,"431f67920a1e9b980cc21a6de1a375aac0c21b62d256c584d109ff7735c436ca"
"samples/proc/BLDCIDB2.prc","build-samples","cataloged procedure","7328","177","a8f228dff4f0d71e4011d74ced51bffeb6e8e9f3107d31fa02d629cc88947d5f"
"samples/proc/BUILDBAT.prc","build-samples","cataloged procedure","3977","83","7fc27903bb0c12e9aabaae05b04a172ffec7ae606480ec9145003a0715de5d52"
"samples/proc/BUILDBMS.prc","build-samples","cataloged procedure","8359","105","398dd38e9c0b4ce90498db3a10df76145427e708606bf920957311b56337b5b7"
"samples/proc/BUILDONL.prc","build-samples","cataloged procedure","5149","109","f494515890ef61b2873281ce4b16bc948521c52c5d1eb907cd1e3a0777899c49"
"scripts/compile_batch.jcl.template","developer-automation","build template","4602","64","43cfec067464578c7fcef1e6518348165f95512035892397edca04934934452c"
"scripts/git-addSrcVersionInfo.sh","developer-automation","shell automation","2736","103","5969314d4065384199af9ab663277b305b7e7b813bf0d2f7897dddf03d6e8391"
"scripts/local_compile.sh","developer-automation","shell automation","81","2","0ebcd292693785a3967f32bc7261a6158a6f804ba8f05712d31212af63ca0bcc"
"scripts/markers/ACCTFILE","developer-automation","marker or placeholder","0","0","e3b0c44298fc1c149afbf4c8996fb92427ae41e4649b934ca495991b7852b855"
"scripts/markers/CARDFILE","developer-automation","marker or placeholder","0","0","e3b0c44298fc1c149afbf4c8996fb92427ae41e4649b934ca495991b7852b855"
"scripts/markers/CBACT01C","developer-automation","marker or placeholder","0","0","e3b0c44298fc1c149afbf4c8996fb92427ae41e4649b934ca495991b7852b855"
"scripts/markers/CBACT02C","developer-automation","marker or placeholder","0","0","e3b0c44298fc1c149afbf4c8996fb92427ae41e4649b934ca495991b7852b855"
"scripts/markers/CBACT03C","developer-automation","marker or placeholder","0","0","e3b0c44298fc1c149afbf4c8996fb92427ae41e4649b934ca495991b7852b855"
"scripts/markers/CBACT04C","developer-automation","marker or placeholder","0","0","e3b0c44298fc1c149afbf4c8996fb92427ae41e4649b934ca495991b7852b855"
"scripts/markers/CBCUS01C","developer-automation","marker or placeholder","0","0","e3b0c44298fc1c149afbf4c8996fb92427ae41e4649b934ca495991b7852b855"
"scripts/markers/CBTRN01C","developer-automation","marker or placeholder","0","0","e3b0c44298fc1c149afbf4c8996fb92427ae41e4649b934ca495991b7852b855"
"scripts/markers/CBTRN02C","developer-automation","marker or placeholder","0","0","e3b0c44298fc1c149afbf4c8996fb92427ae41e4649b934ca495991b7852b855"
"scripts/markers/CBTRN03C","developer-automation","marker or placeholder","0","0","e3b0c44298fc1c149afbf4c8996fb92427ae41e4649b934ca495991b7852b855"
"scripts/markers/CUSTFILE","developer-automation","marker or placeholder","0","0","e3b0c44298fc1c149afbf4c8996fb92427ae41e4649b934ca495991b7852b855"
"scripts/markers/CVACT01Y","developer-automation","marker or placeholder","0","0","e3b0c44298fc1c149afbf4c8996fb92427ae41e4649b934ca495991b7852b855"
"scripts/markers/CVACT02Y","developer-automation","marker or placeholder","0","0","e3b0c44298fc1c149afbf4c8996fb92427ae41e4649b934ca495991b7852b855"
"scripts/markers/CVACT03Y","developer-automation","marker or placeholder","0","0","e3b0c44298fc1c149afbf4c8996fb92427ae41e4649b934ca495991b7852b855"
"scripts/markers/CVCUS01Y","developer-automation","marker or placeholder","0","0","e3b0c44298fc1c149afbf4c8996fb92427ae41e4649b934ca495991b7852b855"
"scripts/markers/CVTRA01Y","developer-automation","marker or placeholder","0","0","e3b0c44298fc1c149afbf4c8996fb92427ae41e4649b934ca495991b7852b855"
"scripts/markers/CVTRA02Y","developer-automation","marker or placeholder","0","0","e3b0c44298fc1c149afbf4c8996fb92427ae41e4649b934ca495991b7852b855"
"scripts/markers/CVTRA03Y","developer-automation","marker or placeholder","0","0","e3b0c44298fc1c149afbf4c8996fb92427ae41e4649b934ca495991b7852b855"
"scripts/markers/CVTRA04Y","developer-automation","marker or placeholder","0","0","e3b0c44298fc1c149afbf4c8996fb92427ae41e4649b934ca495991b7852b855"
"scripts/markers/CVTRA05Y","developer-automation","marker or placeholder","0","0","e3b0c44298fc1c149afbf4c8996fb92427ae41e4649b934ca495991b7852b855"
"scripts/markers/CVTRA06Y","developer-automation","marker or placeholder","0","0","e3b0c44298fc1c149afbf4c8996fb92427ae41e4649b934ca495991b7852b855"
"scripts/markers/CVTRA07Y","developer-automation","marker or placeholder","0","0","e3b0c44298fc1c149afbf4c8996fb92427ae41e4649b934ca495991b7852b855"
"scripts/markers/DALYREJS","developer-automation","marker or placeholder","0","0","e3b0c44298fc1c149afbf4c8996fb92427ae41e4649b934ca495991b7852b855"
"scripts/markers/DEFGDGB","developer-automation","marker or placeholder","0","0","e3b0c44298fc1c149afbf4c8996fb92427ae41e4649b934ca495991b7852b855"
"scripts/markers/DISCGRP","developer-automation","marker or placeholder","0","0","e3b0c44298fc1c149afbf4c8996fb92427ae41e4649b934ca495991b7852b855"
"scripts/markers/LISTCAT","developer-automation","marker or placeholder","0","0","e3b0c44298fc1c149afbf4c8996fb92427ae41e4649b934ca495991b7852b855"
"scripts/markers/POSTTRAN","developer-automation","marker or placeholder","0","0","e3b0c44298fc1c149afbf4c8996fb92427ae41e4649b934ca495991b7852b855"
"scripts/markers/RACFCMDS","developer-automation","marker or placeholder","0","0","e3b0c44298fc1c149afbf4c8996fb92427ae41e4649b934ca495991b7852b855"
"scripts/markers/READACCT","developer-automation","marker or placeholder","0","0","e3b0c44298fc1c149afbf4c8996fb92427ae41e4649b934ca495991b7852b855"
"scripts/markers/READCARD","developer-automation","marker or placeholder","0","0","e3b0c44298fc1c149afbf4c8996fb92427ae41e4649b934ca495991b7852b855"
"scripts/markers/READCUST","developer-automation","marker or placeholder","0","0","e3b0c44298fc1c149afbf4c8996fb92427ae41e4649b934ca495991b7852b855"
"scripts/markers/READXREF","developer-automation","marker or placeholder","0","0","e3b0c44298fc1c149afbf4c8996fb92427ae41e4649b934ca495991b7852b855"
"scripts/markers/REPRO","developer-automation","marker or placeholder","0","0","e3b0c44298fc1c149afbf4c8996fb92427ae41e4649b934ca495991b7852b855"
"scripts/markers/REPROC","developer-automation","marker or placeholder","0","0","e3b0c44298fc1c149afbf4c8996fb92427ae41e4649b934ca495991b7852b855"
"scripts/markers/REPROCT","developer-automation","marker or placeholder","0","0","e3b0c44298fc1c149afbf4c8996fb92427ae41e4649b934ca495991b7852b855"
"scripts/markers/REPRTEST","developer-automation","marker or placeholder","0","0","e3b0c44298fc1c149afbf4c8996fb92427ae41e4649b934ca495991b7852b855"
"scripts/markers/REPTFILE","developer-automation","marker or placeholder","0","0","e3b0c44298fc1c149afbf4c8996fb92427ae41e4649b934ca495991b7852b855"
"scripts/markers/TCATBAL","developer-automation","marker or placeholder","0","0","e3b0c44298fc1c149afbf4c8996fb92427ae41e4649b934ca495991b7852b855"
"scripts/markers/TCATBALF","developer-automation","marker or placeholder","0","0","e3b0c44298fc1c149afbf4c8996fb92427ae41e4649b934ca495991b7852b855"
"scripts/markers/TRANCAT","developer-automation","marker or placeholder","0","0","e3b0c44298fc1c149afbf4c8996fb92427ae41e4649b934ca495991b7852b855"
"scripts/markers/TRANCATG","developer-automation","marker or placeholder","0","0","e3b0c44298fc1c149afbf4c8996fb92427ae41e4649b934ca495991b7852b855"
"scripts/markers/TRANFILE","developer-automation","marker or placeholder","0","0","e3b0c44298fc1c149afbf4c8996fb92427ae41e4649b934ca495991b7852b855"
"scripts/markers/TRANREPT","developer-automation","marker or placeholder","0","0","e3b0c44298fc1c149afbf4c8996fb92427ae41e4649b934ca495991b7852b855"
"scripts/markers/TRANTYPE","developer-automation","marker or placeholder","0","0","e3b0c44298fc1c149afbf4c8996fb92427ae41e4649b934ca495991b7852b855"
"scripts/markers/XREFFILE","developer-automation","marker or placeholder","0","0","e3b0c44298fc1c149afbf4c8996fb92427ae41e4649b934ca495991b7852b855"
"scripts/pad.awk","developer-automation","AWK automation","118","5","75424cd5498c0706f26f572321c257e36f3aa7e189ebc871685b9192919e9550"
"scripts/remote_compile.sh","developer-automation","shell automation","997","43","48422a3ae0883fc3cc7d40e78123f9adc2f40f9ee977e1d45702d9459fc0433d"
"scripts/remote_refresh.sh","developer-automation","shell automation","1186","52","1d1027d8e9b73d28a0c1a66641028efb55063c114650153c0621c0d2534c269a"
"scripts/remote_submit.sh","developer-automation","shell automation","436","25","b5fe349a3de64547e3d0235c8ad71fecafeb87149f379858f1db7db990cb3562"
"scripts/run_full_batch.sh","developer-automation","shell automation","1622","70","d887f01198c934af05c2662ccaa5db6531e3cebe7c49af994652784d3ada3e54"
"scripts/run_interest_calc.sh","developer-automation","shell automation","848","37","8845034c262775b6511ef7099c6a2a31c86c52a78d44b16d081b878c8e5f00b0"
"scripts/run_posting.sh","developer-automation","shell automation","823","37","a9a50aebaa5baebe82d5b515ef2ce052196ad5463aa759eea1ca24f553dbf148"
"scripts/upld_module.sh","developer-automation","shell automation","908","39","b042e58692a5e6b1e881770844bbe30969d4eee7ce1d4e73fe60efbea51975d7"
